number,value,state,duration,params_colsample_bytree,params_learning_rate,params_max_depth,params_min_child_samples,params_n_estimators,params_num_leaves,params_reg_alpha,params_reg_lambda,params_subsample,params_subsample_freq
0,0.9178011937681333,COMPLETE,0 days 00:00:02.612216,0.9330880728874675,0.1540359659501924,7,19,700,191,0.002570603566117598,0.023585940584142682,0.5779972601681014,0
1,0.9199039910986393,COMPLETE,0 days 00:00:01.217192,0.762378215816119,0.17052641538983093,1,22,200,215,7.71800699380605e-05,4.17890272377219e-06,0.5917022549267169,1
2,0.9127564261388909,COMPLETE,0 days 00:00:00.978514,0.7571172192068059,0.002094013887393744,4,48,1000,85,0.0021465011216654484,2.6185068507773707e-08,0.8925879806965068,1
3,0.914004096659743,COMPLETE,0 days 00:00:03.061657,0.5488360570031919,0.002468204407989012,12,97,1000,30,0.014391207615728067,9.148975058772307e-05,0.9041986740582306,1
4,0.9138971515720087,COMPLETE,0 days 00:00:01.273976,0.7600340105889054,0.013785322267847979,11,29,300,23,0.0008325158565947976,4.609885087947832e-07,0.831261142176991,1
5,0.9267892005638618,COMPLETE,0 days 00:00:02.193080,0.5979914312095727,0.06075805702761636,11,62,1500,241,2.5529693461039728e-08,8.471746987003668e-06,0.9609371175115584,0
6,0.8912809367631502,PRUNED,0 days 00:00:01.619936,0.9010984903770198,0.004210971105328152,3,31,700,214,4.6876566400928895e-08,7.620481786158549,0.7713480415791243,0
7,0.9114471205451093,PRUNED,0 days 00:00:02.760013,0.5370223258670452,0.002865832106246123,10,72,1200,16,1.683416412018213e-05,1.1036250149900698e-07,0.8645035840204937,4
8,0.9229745892086347,COMPLETE,0 days 00:00:01.534046,0.8187787356776066,0.027178637804725722,-1,34,1400,94,0.9658611176861268,0.0001778010520878397,0.6625916610133735,4
9,0.896412349026559,PRUNED,0 days 00:00:01.190606,0.7137705091792748,0.04377212690340857,6,79,300,198,1.6934490731313353e-08,9.354548757337708e-08,0.7468977981821954,3
10,0.9123053838872441,PRUNED,0 days 00:00:01.117952,0.642539945756007,0.057093978350259963,8,59,1500,248,8.170127834014398e-07,0.021346533494448285,0.9538323976412588,5
11,0.9112633122091535,PRUNED,0 days 00:00:01.236897,0.8558287498365654,0.019283335565628147,-1,48,1500,126,2.7575700595780326,5.2062711407694815e-05,0.6810736541687963,3
12,0.9152575648643927,PRUNED,0 days 00:00:01.222119,0.9980082658737178,0.0386050751573382,9,9,1300,127,6.976075505324498,0.008865465164105284,0.5167929424672361,5
13,0.92031525412966,COMPLETE,0 days 00:00:01.669828,0.651723150444279,0.009106595150548904,4,61,1300,83,0.14634014424915706,0.0008263183936469036,0.6831816142635185,4
14,0.9200312654679684,COMPLETE,0 days 00:00:03.448081,0.8289013643072972,0.08894139316761002,0,39,1500,159,2.3906863548779133e-06,6.921146598633852e-06,0.9930441179102896,2
15,0.9152344642763017,COMPLETE,0 days 00:00:01.447733,0.6148692788138606,0.023384090511638488,2,77,1200,83,0.0789890736326765,0.0015579107174789589,0.6700750482407987,4
16,0.9153108804614861,COMPLETE,0 days 00:00:01.938633,0.682011957306668,0.007184866818696223,5,96,900,164,8.127741415266839e-07,1.324292732683279,0.7983436854453236,2
17,0.9288485591173559,COMPLETE,0 days 00:00:01.700747,0.5852306392660565,0.08037581529719123,12,41,1300,245,0.23378225464218721,4.015171619944095e-06,0.7237949308068958,3
18,0.9303356957472206,COMPLETE,0 days 00:00:01.774147,0.5927323942612678,0.07273542083211516,12,66,1100,253,6.842210616010691e-05,3.0170346373536323e-06,0.7275024773533265,2
19,0.9195477547504707,PRUNED,0 days 00:00:01.086146,0.5058104808137766,0.11832684030391026,12,43,1100,255,0.000104133116311454,9.493389007069122e-07,0.7287463395440605,3
20,0.9240755138094667,COMPLETE,0 days 00:00:01.403903,0.5687015336457728,0.07596841255073049,8,86,700,225,0.015863837791301048,1.2294978361510114e-06,0.6014458576125155,2
21,0.9133175212981363,PRUNED,0 days 00:00:01.352583,0.6044751832768311,0.07349451711517622,10,65,1300,239,1.5165011006473718e-07,1.698422055908358e-05,0.8106452018417596,0
22,0.9187542459020532,PRUNED,0 days 00:00:02.165098,0.5862418027126791,0.10921601698966209,12,53,1100,191,6.189017570634356e-06,1.2729950705005781e-05,0.7105579203642309,2
23,0.9152544822766483,PRUNED,0 days 00:00:01.030393,0.6926754909250746,0.001182394436201363,10,69,1400,231,4.5018671179509596e-05,3.251097990820637e-07,0.7720265551600473,3
24,0.929080099082837,COMPLETE,0 days 00:00:02.137376,0.5028688082197355,0.03885427107549566,11,55,1100,171,1.5814444231243417e-07,2.4660216671113837e-06,0.6274045181227674,1
25,0.9189666746990555,PRUNED,0 days 00:00:01.219384,0.5001647269806576,0.03562142923903715,11,54,900,164,2.936330253573791e-07,2.281828069958351e-08,0.6228546197004985,2
26,0.9211676932151636,COMPLETE,0 days 00:00:01.806622,0.5349344391689582,0.015007817355839944,9,42,1100,204,0.00032535812734954295,1.5794918977698143e-06,0.5338509616649421,1
27,0.9258042006020919,PRUNED,0 days 00:00:01.754294,0.638909975451201,0.18744029461615483,12,87,1200,184,0.36186460501662293,3.101719823579018e-05,0.6387337087410515,3
28,0.929152675525565,COMPLETE,0 days 00:00:01.921188,0.5639849546810195,0.046334435301077406,9,55,800,144,0.02319455412031692,1.1731862526633286e-07,0.7113779862763034,2
29,0.9252614767149533,COMPLETE,0 days 00:00:01.703067,0.552911506751441,0.05075104527260133,7,57,700,111,0.011829559731460134,1.6350139435978244e-07,0.5445905572735779,1
30,0.9266391347509876,COMPLETE,0 days 00:00:02.072206,0.517472708137459,0.02978879705601481,9,69,500,50,0.0017371711095806612,1.6376483689632152e-08,0.5625144249314489,2
31,0.9136063402590584,PRUNED,0 days 00:00:01.398051,0.5699028889126105,0.1303609947499719,11,48,800,146,0.007627367204178662,2.6405075372839344e-06,0.7141106743071743,2
32,0.9259188692290157,COMPLETE,0 days 00:00:01.615546,0.6242474395002977,0.08584048922546755,10,21,500,181,0.054490167841824914,7.335471804985633e-08,0.6313718679348586,1
33,0.9332857661510084,COMPLETE,0 days 00:00:02.008295,0.586359315970896,0.05014847828283201,12,48,1000,218,0.4491222367310692,4.5296668569010946e-07,0.7025316324220753,3
34,0.9277695340597395,COMPLETE,0 days 00:00:01.616456,0.6714331685961503,0.045057217347694536,8,48,1000,217,0.7738080466262811,1.0879854608655913e-08,0.5773358118530281,1
35,0.9250886019977678,COMPLETE,0 days 00:00:02.154891,0.5515191061182863,0.020204154240610592,11,56,800,141,0.00021902652873106982,4.5543680756214275e-07,0.7005549790532444,2
36,0.9277715485610049,COMPLETE,0 days 00:00:01.545704,0.7191887996219075,0.14758064116429012,12,64,1000,206,0.03178423267475355,5.552921949040613e-08,0.7622878817288702,1
37,0.920443602136094,PRUNED,0 days 00:00:01.386813,0.5349055094938634,0.059269000421047095,10,77,900,175,0.0006559237648040889,4.1652518009693495e-07,0.6520631860801974,0
38,0.9296835504177725,COMPLETE,0 days 00:00:02.291718,0.5697462277269841,0.03357542655906171,11,35,1000,229,0.002613604523903741,0.00010973719280486689,0.6081331652942724,2
39,0.9243436145278978,COMPLETE,0 days 00:00:01.574637,0.6125892188076929,0.013523708415157619,7,24,800,228,0.003591025428835422,0.0003688483425405621,0.8583429290675344,3
40,0.9256995867836293,PRUNED,0 days 00:00:01.260439,0.7301877385905007,0.030075477218028567,9,34,600,61,0.004701719459620566,5.8850144394092664e-05,0.6050013286797374,2
41,0.909309485132606,PRUNED,0 days 00:00:01.448830,0.5668631220624002,0.036375338942712075,11,50,1000,220,2.334843577987299e-05,2.5536697139927547e-06,0.7431858559639364,2
42,0.9211528378910278,PRUNED,0 days 00:00:01.748650,0.5166563856539615,0.059552801731787196,11,37,1100,233,0.0007773147811014151,2.449052897351225e-07,0.6936059641791101,3
43,0.9284828186940857,COMPLETE,0 days 00:00:02.401778,0.5871879650379177,0.04861127323760387,12,27,900,153,0.0234371323743139,0.00011445441763011143,0.6519880245573607,1
44,0.9225028695625355,COMPLETE,0 days 00:00:03.013701,0.5321751030763348,0.025983730182720034,10,45,1000,254,0.8871585361700829,1.0204632463499452e-06,0.6202462917822144,0
45,0.9219088339668158,COMPLETE,0 days 00:00:03.555478,0.5580122544520346,0.0173661596567358,11,67,1200,111,7.443942142933427,4.074239829521924e-08,0.7805937003370051,2
46,0.9087305822612917,PRUNED,0 days 00:00:04.647016,0.6448635787585516,0.104361863010961,12,12,1100,212,7.280239519208916e-08,2.3544522445356823e-05,0.5807497702910516,3
47,0.9293893032047658,COMPLETE,0 days 00:00:04.741271,0.7972695849860929,0.009835467417579017,9,52,600,194,0.08369701760878659,0.0034788848740195393,0.6720591341966247,2
48,0.9077016015076868,PRUNED,0 days 00:00:01.942396,0.7861432181323432,0.009864293203887622,6,32,500,196,2.216461724462437,0.0044650205178957975,0.6743170034427378,4
49,0.9169544257809842,PRUNED,0 days 00:00:02.439592,0.9105460154288381,0.006005420720988396,8,73,600,239,0.11146962859802453,0.023418009422288447,0.7365397799608655,2
50,0.8903133427210893,PRUNED,0 days 00:00:02.229706,0.8120417635861826,0.00371315825901179,10,60,400,209,0.001676159165336432,0.6592165316742048,0.701884949852873,3
51,0.9182060575862407,PRUNED,0 days 00:00:01.660674,0.746821082618615,0.012086932904755302,9,52,1000,188,0.05819351028342986,0.09489391429696963,0.6601667641806459,2
52,0.9309885357840226,COMPLETE,0 days 00:00:01.698416,0.7913624793592945,0.0386050751573382,11,45,700,171,0.41972526356794376,0.0003994191583318512,0.6816090740604939,1
53,0.9165703493717893,COMPLETE,0 days 00:00:01.512524,0.8431946285580062,0.006209322462035049,12,45,700,133,0.33768147334359067,0.0018539972898548843,0.6832141474115152,2
54,0.9297992760940404,COMPLETE,0 days 00:00:01.013661,0.7944105902285464,0.06767913301322333,10,38,600,198,2.741892567378437,0.0002817425214987162,0.7504962663078095,1
55,0.9217770628437747,COMPLETE,0 days 00:00:02.135345,0.7850022160154606,0.06453518043597044,10,14,600,198,1.100947968454859,0.0003442408400865161,0.8114937776305329,1
56,0.9288623366656892,COMPLETE,0 days 00:00:02.831162,0.7785995305897565,0.09579495398525631,11,36,300,222,3.940468591948421,0.0008172569082766084,0.7609063754837072,0
57,0.9270221737737593,COMPLETE,0 days 00:00:03.276398,0.8730691549031339,0.023241126550787448,12,28,600,242,1.9774542614675958,0.00015695463082385079,0.7927008302922456,1
58,0.9305358168172418,COMPLETE,0 days 00:00:03.864440,0.8048360713342217,0.06442658967633988,10,40,700,175,0.2068177269497708,0.005554265109540616,0.7289986068484474,1
59,0.9250029817707824,COMPLETE,0 days 00:00:02.507509,0.7489484805037615,0.07551598140238731,11,38,700,176,0.5487189044196565,0.11324828701081735,0.7515392472583603,0
60,0.9023720515386362,PRUNED,0 days 00:00:00.781854,0.8641812037296983,0.06678898140858311,5,41,900,249,0.18137978800611945,6.376679428131576e-06,0.8385273911775594,1
61,0.916883681897021,COMPLETE,0 days 00:00:01.608482,0.8161415482189521,0.035286966742847925,10,31,700,198,4.189712341161685,0.0074044133387484576,0.7333385622464079,1
62,0.9143380185018617,PRUNED,0 days 00:00:02.431969,0.8385667850984903,0.008893350983246777,3,47,400,169,1.6952768551334183,0.0017071893644386759,0.6889867434010697,1
63,0.9258363648851757,COMPLETE,0 days 00:00:01.201027,0.7970513551991726,0.0532592121334998,11,44,600,233,0.24075600110790468,0.0007350544508799325,0.7222077760247635,4
64,0.9285587982202502,COMPLETE,0 days 00:00:02.613730,0.8879474489486724,0.1613710036291301,7,50,800,187,5.261924501602561e-06,0.0032138432816217117,0.664221155856737,1
65,0.9226560261031886,PRUNED,0 days 00:00:01.001125,0.8057312898641409,0.12099474345235921,10,40,500,154,9.212514599899751e-05,0.009327579955292353,0.6404190150260859,2
66,0.9262701032436351,COMPLETE,0 days 00:00:03.797333,0.7685898979715906,0.04036390632576595,12,34,400,205,0.45468345833713064,5.8593187659249705e-05,0.7465944415532785,3
67,0.9241139912963448,PRUNED,0 days 00:00:00.603752,0.827600591761058,0.0946365718267324,9,58,900,214,0.09933872651816533,0.0005186044993520803,0.7852081177646397,5
68,0.9275767629955127,COMPLETE,0 days 00:00:02.071019,0.7011839712415313,0.03136827598411146,11,26,600,224,0.03436192851573528,0.06799172167234001,0.9101320728802786,1
69,0.9099500399240332,PRUNED,0 days 00:00:01.239894,0.9763551405686438,0.07058068825990117,1,52,700,180,8.027592611143712,0.00023176270888688267,0.605976201077782,2
70,0.9260432896462021,COMPLETE,0 days 00:00:02.273658,0.6626777455818433,0.02085912603939545,9,39,1200,195,0.1493826026947356,0.012313277969287082,0.5027292876886564,0
71,0.9177856920767689,PRUNED,0 days 00:00:02.583262,0.6248921278833643,0.04510619406327596,9,62,800,163,0.008614956499716652,0.0031038423960282665,0.7140107917090516,2
72,0.91993637259776,COMPLETE,0 days 00:00:03.766913,0.7643202174894416,0.053457620300168505,8,43,800,118,0.01591836368349128,1.3464530708270972e-07,0.7208286140220169,2
73,0.9237649926574295,COMPLETE,0 days 00:00:02.248493,0.5926434763147779,0.041969755313212495,10,55,700,143,0.04827939504318866,0.039109465529732934,0.709068091406133,2
74,0.9285046297234124,COMPLETE,0 days 00:00:01.554141,0.7335861270469778,0.08073797372234605,12,48,800,236,0.00023160005554815344,3.655809596610483e-05,0.7678898680401919,1
75,0.9313453155731416,COMPLETE,0 days 00:00:02.553210,0.7959595481901747,0.02522041237715076,8,36,700,172,0.27628845265765356,0.0011712220833436915,0.6887329541192863,3
76,0.9267446721591219,COMPLETE,0 days 00:00:01.711323,0.7916176085216621,0.03508495590423143,8,31,500,168,1.1250953051752774,0.0010564305963477428,0.6728720695411632,3
77,0.9261890354441764,COMPLETE,0 days 00:00:01.993064,0.8460605302717515,0.02530959015385484,11,36,700,192,4.988108520686277e-05,1.1589268344193041e-05,0.6453521973307507,3
78,0.9150372884538822,PRUNED,0 days 00:00:01.128738,0.8015133091347931,0.0015994085544162025,10,19,600,157,0.31026586459906086,0.00010189292861977378,0.6962657414403114,3
79,0.9052167211509269,COMPLETE,0 days 00:00:01.721696,0.8300084862466964,0.016471034322530144,12,42,1000,176,5.000482874960676,0.00024332556350986834,0.7291296466242067,3
80,0.927378670779136,PRUNED,0 days 00:00:01.752760,0.7755687536673784,0.05673645749614825,11,34,1100,250,0.552958644826866,0.005573738183495259,0.6155776346745743,4
81,0.9319296761524405,COMPLETE,0 days 00:00:01.911995,0.5751348225325568,0.049716704287955944,9,46,700,201,0.00525382732583621,0.0004829531738757709,0.6879585812377509,2
82,0.9289753054610309,COMPLETE,0 days 00:00:01.773138,0.5777951223587112,0.03195683160188911,8,47,700,201,0.07453600378215706,0.0005327102054574564,0.6806256871840717,2
83,0.9258583918836244,COMPLETE,0 days 00:00:01.539119,0.6068430806664766,0.06569363385048627,9,50,600,217,0.005694872164664866,0.0025492493978308294,0.6637408473741419,3
84,0.9333884815293992,COMPLETE,0 days 00:00:01.308652,0.7548448168751375,0.04943412784072133,10,46,900,185,0.00042746644452336705,0.0004193782404151756,0.7564010798029462,2
85,0.9310212922340292,COMPLETE,0 days 00:00:02.289027,0.5440548219045865,0.05064503549402829,10,45,900,184,0.001123825350784635,0.0013909827424048798,0.7578250355894253,2
86,0.9218826361366725,PRUNED,0 days 00:00:01.550060,0.5418486305013097,0.04746532171792689,10,46,900,183,0.001401444685978455,0.0016701364366873918,0.7571528239389311,3
87,0.9244755222356189,PRUNED,0 days 00:00:02.269667,0.7574329935916654,0.028003893309611196,10,39,800,174,0.000138585830303405,6.8957316994405e-07,0.8105540210141227,1
88,0.9246804557288031,PRUNED,0 days 00:00:01.759419,0.5213730683346981,0.039343934128909214,10,43,900,163,0.0007021962409461514,0.0011382667612482955,0.7394362103108055,2
89,0.9199387418553766,PRUNED,0 days 00:00:01.213850,0.741304311787119,0.058021807200786195,11,83,900,149,0.0004975695075461797,0.0004902225002188731,0.7720464464456376,1
90,0.9253417717097628,COMPLETE,0 days 00:00:01.677998,0.7011296850296485,0.0837041278945174,9,50,1000,189,2.3967622250045513e-05,0.0002253853342430496,0.6985977679568464,3
91,0.9204920216367748,COMPLETE,0 days 00:00:01.981130,0.5765891046515919,0.051268070297239746,11,36,1000,209,0.0023830168526117646,0.00013141395186010412,0.7473803959892195,2
92,0.9269417483611435,COMPLETE,0 days 00:00:02.263067,0.5499743071864293,0.04350842828595288,12,41,1100,202,0.0011599956831470069,0.01523575942402552,0.775500018142562,2
93,0.9294899985382775,COMPLETE,0 days 00:00:06.049061,0.5997575339100196,0.07254741611443048,11,94,1000,183,0.0033606960844071603,7.26442687746768e-05,0.7239831870696466,2
94,0.9296734454956538,COMPLETE,0 days 00:00:03.597940,0.6281503795587781,0.022508111798995308,10,33,800,178,0.0001642884894064858,0.00036981939982526433,0.7563917863566264,2
95,0.9233162763016587,PRUNED,0 days 00:00:01.904162,0.5640192295983367,0.03347141941709661,11,45,900,170,0.00040230495545819875,0.0007059159320189216,0.7059214687846834,1
96,0.9309625676900701,COMPLETE,0 days 00:00:02.179300,0.8207120017267585,0.06413718681881761,10,38,1200,211,0.0011145524132978772,4.8454617211671806e-06,0.7346210250874428,2
97,0.9250348631045906,COMPLETE,0 days 00:00:02.715270,0.8173355395571297,0.06085256808449391,10,38,1200,209,4.441928105544557e-05,6.3155741885662755e-06,0.7990657657440066,2
98,0.9190862585591131,PRUNED,0 days 00:00:01.287123,0.8286122748268041,0.10500250248671598,9,30,700,191,0.0003278456124660464,0.0013572296811578447,0.7321182399336265,3
99,0.910499690447821,PRUNED,0 days 00:00:01.208849,0.7711559097815721,0.0905072910604785,9,41,1300,203,1.4386354936829844,1.5004558731307124e-06,0.6939953134950471,2
100,0.9290495976932155,COMPLETE,0 days 00:00:00.478082,0.7838973814586664,0.051718743238255545,10,49,1200,219,2.9080987684714508,4.509110406324167e-06,0.7389868747532145,1
101,0.9330785137632631,COMPLETE,0 days 00:00:00.530691,0.8106466132366583,0.067087346493015,12,44,1400,227,0.0009748167530482193,1.7307727403225875e-05,0.7161456777078441,2
102,0.9283970967892891,COMPLETE,0 days 00:00:01.444133,0.8104726434203906,0.06896441004253728,12,44,1300,225,0.0011923895144212474,2.421620156860463e-05,0.7175186826817238,2
103,0.9098355072880349,PRUNED,0 days 00:00:01.145883,0.720393241989965,0.06238219476588231,12,46,1400,214,0.0009596407318506879,2.83055901889991e-06,0.6863383274676941,2
104,0.9318332366298914,COMPLETE,0 days 00:00:00.723568,0.7560663021762284,0.1338519130449211,11,53,700,245,0.6404002627520499,2.646304741997192e-07,0.7050897614615911,2
105,0.9276602201695776,COMPLETE,0 days 00:00:01.516709,0.7586096298487317,0.14263253997815362,12,53,1500,244,0.6994612328575576,7.330127448451018e-07,0.7096038958860303,2
106,0.9226124069928543,PRUNED,0 days 00:00:00.584634,0.7386871639715106,0.17969858737320485,11,57,1400,235,0.21969636848908083,1.1446224758513072e-05,0.6570923753386285,2
107,0.9340986327212253,COMPLETE,0 days 00:00:04.464966,0.8581114257279799,0.12054511829387474,12,51,700,251,6.576622374983484e-05,2.4964661998870083e-07,0.6803811916110097,2
108,0.91279280741082,PRUNED,0 days 00:00:02.975306,0.8544663528398015,0.13066307858019383,12,54,700,245,0.00022081952253600584,3.207257515569657e-07,0.6816233914698541,2
109,0.9262626597319171,COMPLETE,0 days 00:00:00.923207,0.8865489154497385,0.10678283987384883,11,51,800,255,0.0006386462831965844,2.1298604249649606e-07,0.7038707304740679,2
110,0.9258838745987304,PRUNED,0 days 00:00:00.618634,0.8644404098488344,0.03886959717460429,11,59,700,228,9.811808561821967e-06,7.267838703021401e-08,0.6478120898824518,4
111,0.9338286112978463,COMPLETE,0 days 00:00:01.281354,0.8356649735807844,0.11426062484066185,12,48,1400,239,0.00010335360445685547,5.259224882552973e-07,0.7264732827049748,2
112,0.9347781797720893,COMPLETE,0 days 00:00:01.125899,0.8518928084022871,0.1645406514101053,12,48,1400,240,9.092162937601206e-05,5.702245092304547e-07,0.6900644957066085,2
113,0.9290877817182727,COMPLETE,0 days 00:00:01.159566,0.8505554549565986,0.15711426421565328,12,48,1400,241,8.364217042476619e-05,4.023152145133745e-08,0.673953146143424,2
114,0.9275061860077122,COMPLETE,0 days 00:00:01.096820,0.8397164867477978,0.19004554049370273,12,46,1500,251,2.885440463373582e-05,5.323884549355445e-07,0.6946928339182564,2
115,0.9280043713646873,PRUNED,0 days 00:00:01.144378,0.8817847101268405,0.13489506119872746,12,43,1400,239,0.0005304169595951185,2.493975331446111e-07,0.7166327118259102,2
116,0.9229047536189752,COMPLETE,0 days 00:00:01.338350,0.8285975253008615,0.11391934331394757,12,52,1300,235,0.0002814586886427533,1.7883686393850211e-06,0.6323291171883467,2
117,0.9276877039002717,COMPLETE,0 days 00:00:00.559346,0.8665402826883108,0.12036644070801536,11,49,1500,230,6.919415548743676e-05,1.0261740986477188e-06,0.6869512168062684,3
118,0.932043378804765,COMPLETE,0 days 00:00:01.820592,0.9322720171024577,0.1674977407275102,12,55,1400,245,0.0021032290672069226,1.6348248516828887e-07,0.7025153178479989,2
119,0.9128230029336097,PRUNED,0 days 00:00:00.418158,0.9431343337132956,0.1710589293619956,12,56,1400,246,0.010979203871025304,1.0814025576898495e-07,0.6664102828799374,2
120,0.9311579121288629,COMPLETE,0 days 00:00:00.770978,0.9128746355442887,0.15416429640915183,12,54,1400,248,1.5431162745596115e-05,3.6892350440410936e-07,0.6746612201364286,3
121,0.930280866267713,COMPLETE,0 days 00:00:01.062331,0.9720894690909287,0.14610245124204746,12,54,1400,237,3.6375787765563824e-05,3.8499839962588676e-07,0.6747031991387865,3
122,0.9235832246696614,COMPLETE,0 days 00:00:03.154561,0.9047483705117515,0.1942729672892525,12,51,1400,247,1.3239527778214256e-05,2.3447881236636163e-07,0.7030359687514168,3
123,0.9264533727770043,PRUNED,0 days 00:00:01.534535,0.924508928579606,0.1620090465787443,12,62,1500,241,1.592173826832767e-06,5.728081328447793e-07,0.6902418882254947,3
124,0.9244638847890594,PRUNED,0 days 00:00:02.964458,0.9476043968750257,0.12421240292400253,11,60,1400,255,0.00013665011620860924,1.5219241694750682e-07,0.7182443207545203,3
125,0.9335023147967695,COMPLETE,0 days 00:00:03.926187,0.9228089284502636,0.09740219983569194,12,56,1300,225,7.201355906469188e-06,8.276834604180281e-08,0.6808190325651798,2
126,0.9218469608174006,COMPLETE,0 days 00:00:02.189628,0.9602164402314168,0.0996582670319375,12,58,1300,222,5.107115899771121e-06,2.7424748976633145e-08,0.6589910270883845,2
127,0.9301511910247093,COMPLETE,0 days 00:00:07.126726,0.9177811032722458,0.14532670098844544,12,56,1300,230,8.166752708173918e-06,9.407469969720643e-08,0.7052198716370249,2
128,0.9308563897907333,COMPLETE,0 days 00:00:05.279655,0.895423061116049,0.08864927746292868,6,65,1400,249,0.00011513679032127236,1.7511196249866784e-07,0.6796801014035865,2
129,0.9277318170697576,COMPLETE,0 days 00:00:03.127368,0.9341041613872302,0.11271689602190926,12,48,1500,225,1.650788260149599e-06,4.723755889127957e-08,0.6532370422590357,2
130,0.9314901196006174,COMPLETE,0 days 00:00:05.289252,0.9183447389387231,0.17174104294665374,12,53,1400,232,1.6721952998074848e-05,1.354526290968521e-08,0.6673743809040616,2
131,0.9179628441307447,COMPLETE,0 days 00:00:05.284974,0.9000460190687761,0.16128405679583657,12,54,1400,231,2.396115891941483e-05,1.1961958479744918e-08,0.6910499728761216,2
132,0.9342469152200655,COMPLETE,0 days 00:00:00.613591,0.9148135098690688,0.13254528597607593,12,52,1400,243,1.7156294131874164e-05,3.2524029659819794e-07,0.6690182275121621,2
133,0.9281263710745474,COMPLETE,0 days 00:00:01.736330,0.917654578370216,0.12651121163542847,12,51,1400,242,1.2713949493311415e-05,2.1399057824658142e-08,0.6361096955975678,2
134,0.9259397310726243,COMPLETE,0 days 00:00:00.409536,0.9376630518558886,0.1380872910192604,12,53,1300,237,1.9477949318415134e-05,8.11981052097308e-08,0.6669865286276412,2
135,0.9305750873919193,COMPLETE,0 days 00:00:00.385345,0.9251705061171254,0.17527690198508733,11,56,1500,249,3.7296811314862404e-06,3.3856053890253375e-07,0.6732899459388215,2
136,0.9213636699457988,COMPLETE,0 days 00:00:00.633629,0.9635760836299216,0.19436350602781016,12,49,1300,244,5.711912847795822e-05,7.613958045345566e-07,0.6992399937439393,2
137,0.9251029033941965,PRUNED,0 days 00:00:01.359137,0.9498166647865257,0.15504412305580823,11,58,1400,219,3.214764748192679e-06,3.452581535087315e-08,0.7121340065036031,2
138,0.9285239310516143,COMPLETE,0 days 00:00:00.712611,0.9128160220190257,0.1003297997636546,12,52,1500,233,3.838661894817264e-05,4.157314434988769e-07,0.6478236116063147,2
139,0.9261127939963975,COMPLETE,0 days 00:00:01.779607,0.8757321543320441,0.11516294412726133,11,47,1400,225,1.8525630040817864e-05,1.4140214412764567e-07,0.6630367953018754,3
140,0.9250677524803559,PRUNED,0 days 00:00:00.315941,0.8905511625652003,0.13455167551272332,12,60,1400,251,7.381617500263597e-06,6.873723166380636e-08,0.682239279390369,2
141,0.9292012836953546,COMPLETE,0 days 00:00:00.327867,0.9068426677015605,0.08013604838837146,4,45,1300,240,0.002182157048490139,2.506455569905075e-07,0.7261556701608372,2
142,0.9307473203031918,COMPLETE,0 days 00:00:00.386339,0.524822360184855,0.1780913815511557,12,50,1500,235,0.0036539801296808826,1.075672762111699e-06,0.6943006362385945,2
143,0.9292480493145543,PRUNED,0 days 00:00:00.489360,0.9264410441766722,0.14577862508619338,12,54,1400,228,1.3925795877843975e-05,1.6175375891691997e-07,0.7471793618024838,2
144,0.9320613401120759,COMPLETE,0 days 00:00:01.669314,0.8741934322844259,0.09716430607402401,11,47,800,246,8.155737074343672e-05,1.6073637259572925e-08,0.7083806816513761,2
145,0.9283659524052273,COMPLETE,0 days 00:00:02.666298,0.8599436958841796,0.0961628466110191,11,47,800,245,8.206671707638855e-05,1.6607722855223795e-08,0.7017765725797389,2
146,0.9322616426140052,COMPLETE,0 days 00:00:11.007790,0.8764616039915111,0.12462941674904487,11,51,700,254,0.00016139461638621212,1.02899732874429e-08,0.9933325730023561,2
147,0.9200838282906977,PRUNED,0 days 00:00:02.054252,0.87156254679585,0.11973130408038464,11,50,700,255,0.00020215784185939077,1.0119087800819692e-08,0.9467696342395068,2
148,0.918324298231076,PRUNED,0 days 00:00:01.904482,0.8518450450900403,0.0861049471017718,11,42,700,239,0.0003509750663214604,2.568741012091416e-08,0.9935245282369738,2
149,0.9181455598993826,PRUNED,0 days 00:00:01.129737,0.8382741099748725,0.10824808900000116,11,52,800,216,0.00017079965681635197,1.736596679908319e-08,0.850081822667875,2
150,0.9263086113052056,COMPLETE,0 days 00:00:01.623587,0.881758782387676,0.07854535285077495,11,48,700,231,5.525569133282358e-05,5.847100259685968e-08,0.901099934090086,2
151,0.9284916392973415,PRUNED,0 days 00:00:01.942332,0.8959017784701406,0.16567893296797231,12,56,1400,245,3.0050069882294875e-05,3.404521677381234e-08,0.9368950287528738,2
152,0.9085121401127346,PRUNED,0 days 00:00:01.856193,0.8740676994133215,0.13039126927536418,12,54,600,252,0.00010691394647771307,1.2995480085576201e-08,0.8766121970132361,2
153,0.9288869287629336,COMPLETE,0 days 00:00:00.974948,0.9038940013716625,0.14964582719326902,12,51,1300,249,6.600576725954846e-05,4.930659555055705e-07,0.6846797860426442,2
154,0.9215923950451821,PRUNED,0 days 00:00:01.050177,0.8569370362402984,0.10377521806097063,7,44,700,243,1.2557486015764376e-08,1.0217429185555641e-07,0.7123157592116488,3
155,0.9226161821727755,COMPLETE,0 days 00:00:02.375364,0.9277185892655015,0.17312177241443097,12,49,800,88,1.0120298820792695e-05,3.1749742606114525e-07,0.6709999984547654,2
156,0.911090168032314,PRUNED,0 days 00:00:01.731350,0.8402233911713086,0.1328032870245539,11,53,1500,28,0.0003980581720934616,4.788355591105172e-08,0.9813540605758755,3
157,0.9237337776358158,COMPLETE,0 days 00:00:01.722744,0.9162669215082367,0.19781071408391457,12,47,700,239,3.833428923639717e-05,7.234987649195575e-07,0.6875988195460239,2
158,0.9227125458026522,PRUNED,0 days 00:00:01.398378,0.9379701606219671,0.11594469301059354,11,57,1400,247,0.00014036381443995725,1.5804510267541661e-06,0.7251012865114529,2
159,0.907787182375486,PRUNED,0 days 00:00:00.979259,0.9531488315216192,0.15022271209111526,12,63,1400,234,0.00010077538320490495,2.1889935592626263e-07,0.6568667723879483,2
160,0.9267957685497894,COMPLETE,0 days 00:00:01.683479,0.726273027106257,0.09415812377057327,12,50,600,252,1.8054624694067763e-05,5.326522604768556,0.7079920662057289,3
161,0.9173718767461385,PRUNED,0 days 00:00:01.124041,0.8795572897999577,0.04620571390740464,11,44,900,255,0.0007509540315269353,5.310618764158946e-07,0.6981033521226553,2
162,0.9157816877393867,PRUNED,0 days 00:00:01.339228,0.5439572412051259,0.13090011367372054,12,46,800,223,0.005464438339010772,0.0008078430654020026,0.6783952309951861,2
163,0.906803306371537,PRUNED,0 days 00:00:02.058778,0.8885708135857282,0.048022708293731176,10,52,900,238,0.0017930825612256023,0.002193342738421048,0.7168974266130995,2
164,0.9304639741395052,COMPLETE,0 days 00:00:01.138613,0.8330197878719691,0.05620616830030037,12,55,700,228,0.0002468358325828221,1.2016361579105214e-07,0.692613853576614,2
165,0.9264951735818456,PRUNED,0 days 00:00:02.557132,0.7548649461809533,0.07550226048975703,11,42,800,186,6.131922542847958e-06,0.0012290763192781924,0.7382164050700951,2
166,0.923958588175972,PRUNED,0 days 00:00:00.704689,0.821169740493543,0.16591190036402736,8,46,900,243,0.0014193977116842343,0.0005303793318057612,0.6681715125671046,2
167,0.9228388846173669,COMPLETE,0 days 00:00:02.677320,0.8057642032375723,0.11785435797327214,12,49,200,247,0.0004937293521091151,2.0258541327977906e-08,0.6783925730700956,2
168,0.9042458629763537,PRUNED,0 days 00:00:00.820088,0.8465182520923794,0.14314548665201948,11,44,1400,235,0.0008841291142901562,3.318163855546796e-07,0.5565881320993088,2
169,0.9243532221521861,PRUNED,0 days 00:00:01.791710,0.7076081447331924,0.10305343822918737,12,58,1400,241,0.3319413792914376,1.0574190014441894e-06,0.6405486205536675,2
170,0.9146327265930662,PRUNED,0 days 00:00:00.876603,0.9098703723288819,0.0901957616936468,0,40,600,228,5.873943731581817e-05,2.0683120278897816e-07,0.7062007102575651,3
171,0.9207304265350307,COMPLETE,0 days 00:00:02.472469,0.7877427732938296,0.04676611816752117,5,48,700,181,0.801844304192939,0.00030876842756852763,0.6892746290251903,3
172,0.9266725279113652,COMPLETE,0 days 00:00:01.569243,0.7737423714703024,0.050026407884593775,11,45,700,164,0.41117129646783224,0.00021164393415912933,0.92219977019433,2
173,0.9266747421429077,COMPLETE,0 days 00:00:01.892872,0.5597950750105657,0.038294637410020024,10,51,800,251,0.15878206654865742,1.2581047333175611e-08,0.6586775564000537,2
174,0.928231039541302,COMPLETE,0 days 00:00:01.425826,0.791046421336811,0.041554790193205564,12,55,700,169,2.793940987942344e-05,0.0007503331587049652,0.679921830816755,2
175,0.9089928812469027,PRUNED,0 days 00:00:01.706600,0.7796496557679182,0.0536189811583241,11,46,1300,41,0.5725056507080035,0.00034462829581788037,0.7231608107002365,3
176,0.9282972832444183,COMPLETE,0 days 00:00:02.165241,0.7999311762223597,0.05590561341529404,12,53,700,191,1.1776509591225583,0.0004987855704822575,0.694438190961579,2
177,0.9234921102277484,PRUNED,0 days 00:00:01.139960,0.8151491326920512,0.028072039548376497,11,43,1500,220,0.00026937883066204503,0.000986483203990032,0.6700530896421857,2
178,0.9279918665887767,PRUNED,0 days 00:00:01.256900,0.7604716536439081,0.12223437151577707,9,48,800,173,0.0026756023820956776,4.756249902982572e-07,0.7044644299011024,2
179,0.9303310124210754,COMPLETE,0 days 00:00:01.542064,0.5102286765610224,0.1538877979372794,12,51,600,247,1.1936857935599822e-05,2.9410374253885096e-08,0.7141524531473682,3
180,0.9275713385179299,COMPLETE,0 days 00:00:01.664872,0.8671422987836479,0.06951857975437134,12,49,1400,233,3.920123587251937e-06,0.00014533477502623698,0.7313535487513699,5
181,0.9292219286569431,COMPLETE,0 days 00:00:01.291800,0.8217277761567868,0.05986987879425792,10,39,1300,209,0.0010129386724646655,7.729356934760387e-07,0.7656286995197326,2
182,0.9319815826861323,COMPLETE,0 days 00:00:02.763600,0.7483955902964825,0.062434823028417075,10,36,1200,210,0.0015203165721728268,2.904691466895399e-07,0.7324233936463803,2
183,0.926714714354468,COMPLETE,0 days 00:00:02.870030,0.9895000226481789,0.041898920895721344,10,41,1200,214,0.0037305220776374477,2.9869015021646816e-07,0.7547290675976868,2
184,0.9214860426552953,PRUNED,0 days 00:00:01.585811,0.6816869237467084,0.0187997820759953,10,35,1400,205,0.0018468100695593502,1.7055832010308074e-07,0.6869599088512893,2
185,0.9321196231709609,COMPLETE,0 days 00:00:03.200764,0.931752153899657,0.05138188987435508,11,53,1300,198,0.00016333251820120138,7.365248914510171e-08,0.7411380766835106,2
186,0.9168606716275207,PRUNED,0 days 00:00:00.738180,0.9268600970086711,0.06293175270198245,9,54,1300,193,0.00014754183412102554,6.867302949163033e-08,0.7443400683517379,2
187,0.9292618848017303,COMPLETE,0 days 00:00:01.583773,0.9369166285727621,0.18156693854780082,11,56,1300,198,8.406367803702634e-05,1.0381322494671756e-07,0.7293824533004284,2
188,0.9216536511986547,COMPLETE,0 days 00:00:00.877160,0.8989508834244331,0.08303135419540515,12,52,1400,201,0.0005534527683446715,1.3914925948407105e-07,0.7390002110680897,2
189,0.9273303384758113,COMPLETE,0 days 00:00:01.989118,0.9187173828771342,0.1344021205594658,10,59,1200,207,0.00018685602083486327,5.755821425075191e-08,0.825071913969194,2
190,0.9233710169322945,COMPLETE,0 days 00:00:01.299768,0.9564917066727846,0.11025923327445741,12,53,1300,213,4.038475852159507e-05,4.022999558699301e-07,0.784987647310527,2
191,0.9201824029017011,PRUNED,0 days 00:00:01.175974,0.745063283526481,0.05033278621166304,11,47,700,188,0.000374690840866553,2.385497193917179e-07,0.7014187201247482,2
192,0.9230425988888437,PRUNED,0 days 00:00:01.574344,0.581829726525835,0.04285100315578165,11,50,1400,196,0.00011811442119033813,1.629879934722494e-08,0.7193327177086184,2
193,0.9319591497191997,COMPLETE,0 days 00:00:01.207499,0.8615345589343673,0.05168720747516159,12,44,900,218,0.0008105937838510508,1.010079255872721e-08,0.9772559636689865,2
194,0.9220783130998165,PRUNED,0 days 00:00:00.739562,0.87561263507986,0.05838867692758047,3,45,900,217,0.0013757584392850423,1.3823535082883015e-08,0.7129934121011469,2
195,0.919648036186087,COMPLETE,0 days 00:00:01.150312,0.8580748990112961,0.07370622135339067,12,49,1000,222,0.0005226417009549914,2.9584457885711164e-08,0.9807236441880399,2
196,0.927320746382641,COMPLETE,0 days 00:00:01.204328,0.84912747828336,0.052375928018189015,12,37,1000,240,0.0007172596372763199,1.0246822647834429e-08,0.9769721470793533,2
197,0.9299702652995282,COMPLETE,0 days 00:00:01.595346,0.8664486473447592,0.16336000617942262,12,55,900,211,0.0023100170412031283,2.135544845702231e-08,0.99788875295197,2
198,0.9217229784843939,PRUNED,0 days 00:00:02.265576,0.9278110304915977,0.1271143260135985,12,43,900,228,0.0002899690974313258,3.933558933137251e-08,0.6973689083573087,2
199,0.9119556245717375,PRUNED,0 days 00:00:00.943127,0.9091084682530205,0.001034181649067466,12,51,1400,245,0.0007778609103157693,1.0250245356821518e-07,0.760680426209699,2
200,0.9280980688545104,PRUNED,0 days 00:00:02.216380,0.9413929091101151,0.14249204450713987,11,47,1200,255,8.048990108267237e-05,6.068717134827781e-07,0.9681055457012616,2
201,0.9366671604176364,COMPLETE,0 days 00:00:01.864323,0.8385043693729881,0.04731429984643286,11,45,700,181,2.0541078656978316e-05,0.0017497707492243933,0.6786888616906498,2
202,0.9342553832767669,COMPLETE,0 days 00:00:01.755264,0.8405706351826491,0.05057623983965846,11,45,700,205,1.9932690645655254e-05,0.001901630684051441,0.6739993575929483,2
203,0.9305741272022591,COMPLETE,0 days 00:00:01.914983,0.8465400253531852,0.04399362140262124,11,47,700,201,8.660199068491136e-06,2.8652066879564694e-07,0.6733211623442911,2
204,0.9292999923899008,PRUNED,0 days 00:00:01.540190,0.8352788759730513,0.03510044470891645,11,42,700,219,2.0859221897810613e-05,0.004025272256674836,0.6550516777127856,2
205,0.918693552610499,PRUNED,0 days 00:00:02.198210,0.8604515739835227,0.011696637495657367,12,53,1100,204,1.6680297974549467e-05,0.0019747387522909008,0.665536904466845,2
206,0.911907056101237,PRUNED,0 days 00:00:01.500661,0.8458003203530002,0.0483018362224991,11,49,700,237,4.7634472520064626e-05,1.6768639962002002e-07,0.6840126844367136,2
207,0.9114028614856213,PRUNED,0 days 00:00:01.002794,0.8320840876722688,0.00252857552637672,12,44,1400,225,3.305435988378629e-05,0.0027056020836939846,0.6781270640492553,2
208,0.9241500110496744,PRUNED,0 days 00:00:02.027317,0.8584092034340484,0.06302886003301532,12,100,600,250,1.0623260029595512e-05,2.127645784395392e-06,0.6914567191001516,2
209,0.9301735839793169,COMPLETE,0 days 00:00:04.001413,0.884459452921554,0.05503428978024712,11,57,700,209,5.40192595495124e-06,1.0014915828698906e-08,0.6643197648994946,2
210,0.9210112886258554,COMPLETE,0 days 00:00:03.683912,0.8956211458355922,0.06764319949822378,12,51,800,214,1.3284118599268139e-05,2.0868071682942944e-08,0.7044993793403003,2
211,0.9285871344112149,COMPLETE,0 days 00:00:02.818372,0.826001854172359,0.04700071710312638,10,44,900,245,0.00018572668487975834,0.001134114383479136,0.6831031141559382,2
212,0.9264257119889111,COMPLETE,0 days 00:00:03.020102,0.5312858521868752,0.05935932427467229,11,46,1400,183,2.0357319665670414e-05,0.0014949087073542668,0.7261326647976479,2
213,0.9315018308338036,COMPLETE,0 days 00:00:02.262406,0.8397909392892883,0.05163004640962887,12,40,700,186,5.649772190471196e-05,4.108056142681929e-07,0.9895910206108472,2
214,0.9222813111838648,COMPLETE,0 days 00:00:04.644553,0.8397445107354705,0.051037305607338934,12,40,700,179,7.298401760436505e-05,3.5822992944307166e-07,0.9826146708436432,2
215,0.9225913518996315,COMPLETE,0 days 00:00:02.290946,0.8106657501212601,0.04419498673793557,12,36,700,101,5.104957362603955e-05,5.060298107229431e-07,0.6976193052994341,2
216,0.9203236794999192,COMPLETE,0 days 00:00:03.180215,0.8518002071294145,0.055035762812461295,12,39,700,241,0.00012134564356094103,1.041386994644658e-06,0.9690455327142137,2
217,0.9066431331240061,PRUNED,0 days 00:00:02.086195,0.8711423911413347,0.17521259793904978,12,41,800,196,3.2325468656056637e-05,2.2502289054743677e-07,0.6491171802767368,2
218,0.9239656172970555,COMPLETE,0 days 00:00:02.013543,0.8401601622893436,0.154072039195798,11,33,600,188,5.930547188624722e-05,6.415631761749543e-07,0.9995345092174143,2
219,0.9213307666813892,COMPLETE,0 days 00:00:02.080452,0.914693669796036,0.03691638988610531,12,48,700,232,2.7938715944654374e-05,4.211755654206908e-07,0.9896418522220828,2
220,0.9258293133239182,COMPLETE,0 days 00:00:01.915518,0.9343537481443027,0.0977862255918579,12,46,1400,249,1.5538728897937002e-05,1.6671383368923401e-07,0.9565467951125387,2
221,0.9291234574489632,COMPLETE,0 days 00:00:02.358557,0.8240800344499052,0.05023619597674469,10,45,800,177,0.0011227766667980992,0.0022277668037521767,0.747975657563091,2
222,0.919156473900986,COMPLETE,0 days 00:00:01.675622,0.8567855106427998,0.05365059149936508,9,43,1400,183,0.00019580995585839094,0.005741890284030152,0.988803619487366,2
223,0.9228821010144402,COMPLETE,0 days 00:00:02.530065,0.919853992362176,0.04655473999793666,8,50,700,193,7.96229945315435e-06,2.873788486219522e-07,0.6725502051186326,2
224,0.9196359211012699,PRUNED,0 days 00:00:02.105994,0.8343362537361817,0.05981792257630391,11,54,700,201,9.063858583480543e-05,0.0006793305305906912,0.7106793474844215,2
225,0.9170155507917882,PRUNED,0 days 00:00:01.183107,0.8667804508420948,0.041054857340171155,12,48,900,187,0.0015416260611714862,0.0010204026414828372,0.6859621668328061,2
226,0.91798216700933,PRUNED,0 days 00:00:01.143938,0.75231781024418,0.11727967456576346,10,41,1300,134,0.00040579019398943574,2.141262545439443e-07,0.968880362239486,2
227,0.9190060721188935,PRUNED,0 days 00:00:02.182061,0.5713625872128684,0.19807856839418592,11,45,800,243,0.00012091175826835167,0.0018264125191377603,0.737078569629122,2
228,0.9130993596690054,PRUNED,0 days 00:00:01.367060,0.5916626817329522,0.13986589668603838,12,52,1100,236,4.815279118117742e-05,8.054921585343194e-08,0.8815402838521385,2
229,0.9204987878920073,COMPLETE,0 days 00:00:00.936526,0.946116805730747,0.0687890860345288,12,38,1400,205,0.0026934877139363584,1.832443404564573e-08,0.6933716817624817,3
230,0.9296233523942626,COMPLETE,0 days 00:00:01.292476,0.9056660302806061,0.1119940100256946,11,50,1500,222,2.172561584654307e-05,0.003265802256890637,0.7200535144710084,2
231,0.9241707824786495,COMPLETE,0 days 00:00:01.261289,0.7698959900211183,0.03974410593549654,11,43,700,179,0.31338684965859526,0.0004099690862213325,0.6773997432295304,0
232,0.9288575857668913,COMPLETE,0 days 00:00:01.427849,0.8061685192267797,0.049818317513896856,11,47,700,183,0.5636372862717688,0.0006563892371004507,0.6650976957120825,3
233,0.9233053854331807,PRUNED,0 days 00:00:01.943784,0.6363678005668082,0.045179796755450086,12,46,700,175,0.2171684217177654,0.00032094297894740296,0.6886947313480699,2
234,0.9249339213211847,PRUNED,0 days 00:00:00.879639,0.662713314751178,0.05864112508305924,11,44,700,250,0.8991012185389663,0.0012484854319512843,0.6749398332512476,2
235,0.9216671271219554,COMPLETE,0 days 00:00:02.409769,0.8163863394789964,0.053406728083784154,12,55,900,218,0.0057028474838877324,4.088931920226583e-07,0.5934037043936525,3
236,0.9299878538885479,COMPLETE,0 days 00:00:02.313373,0.9323340531144659,0.04389612929183431,10,49,1400,194,0.0007526011290577344,7.307726141078353e-07,0.7005054777367056,4
237,0.9323506025292027,COMPLETE,0 days 00:00:02.650880,0.7957229767695315,0.12757407394040035,12,52,700,169,0.00026994454559468715,1.3787993539065587e-07,0.6830954930827774,2
238,0.9248727743800317,COMPLETE,0 days 00:00:02.475456,0.7968777064004283,0.1265093716282856,12,53,600,170,0.00029973583010015385,1.3970643150000156e-07,0.685701252161808,2
239,0.932713078861496,COMPLETE,0 days 00:00:02.229780,0.552751585142183,0.1514210867931249,12,52,700,255,0.00017150814027640964,2.885934854274291e-07,0.7007341416755473,2
240,0.9235588130504242,COMPLETE,0 days 00:00:01.343048,0.5584807823060385,0.159296895402513,12,52,700,254,0.00020042610021572674,2.7113997069019106e-07,0.7068725802639609,2
241,0.9269349443878689,COMPLETE,0 days 00:00:01.828248,0.7340364787690687,0.1436896813499696,12,56,700,250,0.00010565935341337312,1.8378181636588741e-07,0.6968719406043878,2
242,0.9328387799989502,COMPLETE,0 days 00:00:02.026042,0.5480610767850849,0.1337725726623088,12,51,700,245,0.0002386044133698032,1.228751224778592e-07,0.7091431324495537,2
243,0.9214581354093406,PRUNED,0 days 00:00:00.877404,0.5519618432612343,0.1301752400372796,12,54,700,247,0.00015311037966850557,9.760813510196961e-08,0.7115124240075184,2
244,0.9266610371440198,PRUNED,0 days 00:00:01.345734,0.8491729790199822,0.15696219208266526,12,52,700,255,0.00041833868204086517,1.4533907856012494e-07,0.7199130950232321,2
245,0.9277039253651451,PRUNED,0 days 00:00:01.481699,0.5378669399300333,0.14081119680415435,12,50,700,243,0.00025222636589612837,3.0107229865563554e-07,0.7043254912931737,2
246,0.9252252122996939,PRUNED,0 days 00:00:01.477689,0.855721573000121,0.10349165969571371,12,51,700,159,8.156253544327548e-05,5.2555074554462024e-08,0.6931337967211906,2
247,0.9201515493605764,PRUNED,0 days 00:00:02.842304,0.5646973753557865,0.12287821514261986,12,54,700,244,0.00015789833901969747,4.487374271820826e-07,0.6752225085522984,2
248,0.9273746246527056,COMPLETE,0 days 00:00:01.197177,0.8440881679578542,0.16501670464755908,12,48,600,249,0.0002737795516381376,1.2652203219745498e-07,0.6608201260823964,2
249,0.9299645339925457,PRUNED,0 days 00:00:01.308763,0.7818705999729516,0.11251136386218459,12,56,800,235,0.0004925993166314322,2.183551670697625e-07,0.6837640010456871,2
250,0.9304986093740979,COMPLETE,0 days 00:00:01.042720,0.8814614591410455,0.13768434754277636,12,52,1400,240,6.777197021625472e-05,1.3139855587432983e-08,0.7306608125379908,2
251,0.9297686552538922,COMPLETE,0 days 00:00:01.150415,0.9213678403037101,0.1728324476140787,12,50,700,126,1.214855463519361e-05,7.35911643994484e-08,0.7146553136619549,2
252,0.9302465286427837,COMPLETE,0 days 00:00:01.555377,0.5528642343322394,0.12290866752583854,12,58,1400,246,0.00013737433336488868,3.578323797155196e-07,0.697724620124826,2
253,0.9238525113714459,COMPLETE,0 days 00:00:01.042820,0.8298948128225706,0.15002457190714832,2,48,700,231,0.0002263905063746897,5.797911498144061e-07,0.6817010362339293,2
254,0.9286386067083997,PRUNED,0 days 00:00:01.870446,0.8613176033178103,0.09501486505425827,12,53,800,240,4.016618268857077e-05,9.400145619286382e-07,0.7072600852635181,2
255,0.9273201513026702,PRUNED,0 days 00:00:01.751189,0.5773621352641005,0.18025291447309927,11,35,1300,252,0.00010247862035542631,1.224195806697496e-07,0.6651814859079354,2
256,0.9231518423807257,PRUNED,0 days 00:00:01.148254,0.8388894816645754,0.10905543298782326,12,55,700,212,2.428827237562296e-05,3.6706949540870783e-08,0.7223785333608734,2
257,0.917223641086196,PRUNED,0 days 00:00:03.375358,0.8730691549031339,0.13785959380199464,11,50,1400,207,6.7525133350408676e-06,2.423832974921705e-07,0.6923463945843277,2
258,0.9311038183713335,COMPLETE,0 days 00:00:01.411938,0.9307507060321671,0.12670460968670233,12,46,700,225,2.203767804087236e-06,8.76067415954497e-08,0.6703294595786352,2
259,0.9212058630516409,COMPLETE,0 days 00:00:01.686283,0.8980802470192161,0.004800561794609104,12,52,600,255,0.0003203801773151008,1.0048839293585848e-08,0.6886152055862983,2
260,0.9275737718732784,COMPLETE,0 days 00:00:00.992665,0.8176761581489724,0.15247325961645275,11,48,1400,237,3.577329017948918e-08,3.7798902167798434e-07,0.6541474090151889,2
261,0.9261743351348324,COMPLETE,0 days 00:00:02.230859,0.7644225401998841,0.08725247260989631,12,54,800,246,0.0005841488916905809,2.2273243074519376e-07,0.98709349661712,2
262,0.9149634484723987,PRUNED,0 days 00:00:01.077643,0.9124913265430493,0.06461521238382635,12,32,1200,199,0.00017102517546806173,1.6253294991723245e-08,0.704377228186724,2
263,0.9315072141154476,COMPLETE,0 days 00:00:01.914370,0.8506550693198406,0.11603169892719488,9,50,1500,230,1.4439645402488999e-05,2.4930935966554788e-08,0.6772908944020694,2
264,0.9273613322126756,COMPLETE,0 days 00:00:01.176101,0.8459076079087624,0.11571385939327836,9,49,1500,230,6.098941319663921e-05,1.8756722970832094e-08,0.5235691509363097,2
265,0.9122475875813378,PRUNED,0 days 00:00:01.583891,0.8514501344604367,0.10267681276072939,8,47,1500,216,3.0439381964747037e-07,2.3672201713073608e-08,0.711107081607521,2
266,0.9269394830038791,COMPLETE,0 days 00:00:02.627363,0.7191069007402827,0.07539624684583636,6,42,1500,226,3.9679173725695455e-05,5.026184573124586e-08,0.7312323811334231,2
267,0.92722394405423,COMPLETE,0 days 00:00:01.138007,0.8273898473187113,0.10742029127017572,8,51,700,220,0.0009087054661409132,3.02346719757644e-08,0.6802012573949824,2
268,0.9122644275465491,PRUNED,0 days 00:00:00.996149,0.7955081142260864,0.12190759095642359,9,37,1300,233,9.24725611137847e-06,1.518941636892413e-08,0.6961472513813738,2
269,0.9243747604389317,COMPLETE,0 days 00:00:01.978598,0.6080100671568098,0.09042520167667255,11,49,700,238,0.01705352480510461,5.14450208958729e-08,0.999946452040726,2
270,0.9255371090976997,COMPLETE,0 days 00:00:01.939582,0.8648332674802792,0.12928077890323503,11,46,1500,224,1.6825525310590138e-05,2.4642090409406356e-08,0.7207009897912934,2
271,0.9275449216246151,COMPLETE,0 days 00:00:02.226206,0.8359821654794313,0.055694199574675314,11,44,700,210,0.00010802735258477071,1.4233465593670057e-07,0.6723593453062343,2
272,0.9255914506116556,PRUNED,0 days 00:00:00.644404,0.7464327623493415,0.04883431673485994,12,51,800,167,2.6006712744866085e-05,1.0482903872551528e-08,0.689085305796732,2
273,0.9341088075169858,COMPLETE,0 days 00:00:01.380316,0.852743334516569,0.061255883950477,9,47,600,231,0.00030603638253418356,1.0041869801255926e-07,0.975419047477103,2
274,0.9282392859174461,COMPLETE,0 days 00:00:02.347477,0.8613516452447646,0.07778257104013163,9,47,600,229,0.00037479775683475286,3.655809596610483e-05,0.9805785732259448,2
275,0.9116846292379968,PRUNED,0 days 00:00:01.296848,0.847581062858534,0.06477839866353508,12,45,600,234,0.0002748693000330731,6.564288380421366e-08,0.9730783582432452,2
276,0.9261654143264818,COMPLETE,0 days 00:00:02.164600,0.8560868589682377,0.05783487363637479,9,49,500,243,0.0001715687541805283,9.068173750399819e-08,0.9866662596296576,2
277,0.9350784508621555,COMPLETE,0 days 00:00:02.327651,0.8757872214513264,0.14289930569659887,7,51,600,221,0.0006362248756629534,1.7344483041143876e-07,0.9451576537741975,2
278,0.9251278759497628,PRUNED,0 days 00:00:00.628712,0.8886504022378247,0.13641361583997513,7,47,600,216,0.0006777292214949282,1.751335260525874e-07,0.9716921293187619,2
279,0.9097610728707994,PRUNED,0 days 00:00:01.660483,0.874925455481243,0.1080294051171197,9,50,600,204,0.0004566540869987427,1.1699509146443713e-07,0.9201423420678534,2
280,0.9160345784864308,PRUNED,0 days 00:00:01.661856,0.8699431060133762,0.001514510116981591,11,43,600,226,0.001479290725391954,2.1009925717787092e-07,0.9917055160060764,2
281,0.89798252670686,PRUNED,0 days 00:00:01.656873,0.8414520438696487,0.11748611208372213,10,51,500,78,0.0008620095195417644,8.571645078891836e-08,0.9495063223238353,2
282,0.9243566791855011,PRUNED,0 days 00:00:01.815730,0.853095360611248,0.053406178718219774,9,48,600,218,0.00024027988430115417,1.6641069057022145e-07,0.9455671186202992,2
283,0.9265316494107001,PRUNED,0 days 00:00:01.473224,0.8672290909961284,0.14352932918258346,7,45,800,221,0.0003800984818306343,3.0766001239537357e-07,0.9742415142827214,2
284,0.926716242349424,COMPLETE,0 days 00:00:01.792392,0.6876021639284385,0.06256799757849181,10,53,1100,212,0.0006168196728494071,5.791283763780632e-07,0.9585411355225195,2
285,0.9271021623054574,PRUNED,0 days 00:00:01.783553,0.8849779081143757,0.09950146069212804,5,57,1200,191,0.0001017414609810905,1.0749411354678639e-07,0.96273029589447,2
286,0.9306931895001375,COMPLETE,0 days 00:00:02.256970,0.828920767258051,0.07100802275470731,6,49,600,239,0.001997292593019809,1.4537633210025447e-06,0.9339646437010165,2
287,0.931003334002625,COMPLETE,0 days 00:00:02.729005,0.5387725826817056,0.08380671306141026,11,46,1000,249,0.00018286867126227568,4.157066501342197e-08,0.7346155408114742,2
288,0.930312267624017,COMPLETE,0 days 00:00:01.701104,0.8614861090415289,0.12872262458390427,11,42,1300,222,0.0010767149622681969,1.926918474582414e-05,0.7430685190062739,2
289,0.9246757500130395,COMPLETE,0 days 00:00:01.927275,0.8408675768096255,0.051495403310467765,9,51,700,207,6.75067840020569e-05,2.868808140921735e-07,0.7065727102448411,2
290,0.9177958698108573,PRUNED,0 days 00:00:01.473436,0.8755325428408801,0.04483700449636137,12,40,700,18,0.0003065663106915574,1.7372476896147777e-07,0.7188798192001964,2
291,0.9298805040881843,COMPLETE,0 days 00:00:03.175108,0.5675989958341595,0.11944412883401365,11,48,500,197,0.0001380760633861113,0.0002014988289475677,0.9835548837872042,2
292,0.9289228420555106,COMPLETE,0 days 00:00:01.787157,0.854369523153558,0.1531098918461479,-1,53,800,240,0.0005441259366298911,9.321621157523246e-05,0.9933273370141947,2
293,0.9166024394940284,PRUNED,0 days 00:00:01.181751,0.5217888867527769,0.059738322031350655,10,90,600,229,8.171749898840576e-05,6.460093083021537e-08,0.6976873427940324,2
294,0.9293596265341403,COMPLETE,0 days 00:00:03.533438,0.5864453800052337,0.13368115357865776,12,44,1200,251,0.00024920135099935475,4.5932922793972617e-07,0.7093177899544691,2
295,0.9140594910697746,PRUNED,0 days 00:00:01.804795,0.5504823277389627,0.008144722663453851,8,55,700,245,4.088368653176315e-06,7.608536527611328e-07,0.683346547873761,2
296,0.9207084280869872,PRUNED,0 days 00:00:08.169094,0.8228468096995311,0.09676260401794019,12,50,1000,235,0.0036803175334929185,1.2686296038382652e-07,0.7257791655323647,2
297,0.9354952531115686,COMPLETE,0 days 00:00:03.113435,0.8375138543109374,0.04910792112934182,11,47,900,255,4.940831068266959e-05,2.9171520051905885e-07,0.7167548115650323,2
298,0.926613757219204,COMPLETE,0 days 00:00:01.352110,0.8489541169202562,0.11561427415717669,11,24,900,253,0.02937449393853394,2.2010092038287006e-07,0.719304801341401,2
299,0.9258760921686394,COMPLETE,0 days 00:00:02.273929,0.8099238123993896,0.040166977985716036,11,61,900,250,0.0011616413361270038,7.400455435732186e-08,0.6989764503557242,2
300,0.9261602868745553,PRUNED,0 days 00:00:00.566738,0.8815962280957756,0.04813758000528538,10,47,900,254,3.667410136441713e-05,1.296707404028548e-07,0.7145467863609293,2
301,0.9211193319719412,COMPLETE,0 days 00:00:00.806807,0.9648978090194955,0.16747081307771414,11,52,900,246,1.7284042732887728,9.248203744367544e-06,0.7379091670068403,2
302,0.9251418324656863,COMPLETE,0 days 00:00:00.805573,0.9466607281590839,0.1365416626465417,11,49,1300,255,0.00012238254251707402,3.2311578960578564e-08,0.7021629242869195,2
303,0.9337759626665109,COMPLETE,0 days 00:00:01.177822,0.8542056512010237,0.14682648612712598,11,46,800,241,0.00038357463716901625,2.990829030604293e-07,0.8427523040644672,2
304,0.934746129075561,COMPLETE,0 days 00:00:02.741766,0.8661157154183919,0.1521472712639968,11,45,800,243,0.00039974899976040023,3.1558026767895666e-07,0.829514302404487,2
305,0.9254250505463383,PRUNED,0 days 00:00:00.895414,0.872065688133142,0.1622640745018575,11,45,800,242,0.0005562915670998218,0.5455679845179644,0.8546333595802225,2
306,0.9292894142278582,COMPLETE,0 days 00:00:00.945452,0.8611842298043041,0.18442497629763002,11,46,800,247,0.0003770217440245592,3.702161194801521e-07,0.832646859425331,2
307,0.9176235151169397,PRUNED,0 days 00:00:00.779204,0.8324818572910831,0.15136333182512346,11,44,800,239,0.00022043029607672932,2.507547954164007e-07,0.8210298649853943,2
308,0.9217106502222858,PRUNED,0 days 00:00:00.765697,0.8599518905346425,0.18345194081511673,10,9,800,213,0.0003702376225853161,5.479116764603011e-07,0.8114801290376192,2
309,0.9305193897089934,COMPLETE,0 days 00:00:01.527393,0.8933525742238988,0.05703883905127359,11,46,900,249,0.0005712422073056396,1.7012851870290894e-07,0.8917857974247175,2
310,0.9219994852148428,PRUNED,0 days 00:00:00.971207,0.8764573262373839,0.14702357707581268,12,43,800,242,0.000938026128585556,9.616263111473931e-07,0.753089790349533,2
311,0.9282243758606642,COMPLETE,0 days 00:00:00.836398,0.8665759999719459,0.19778411876938234,11,47,800,236,0.00019430942220586102,3.0856585295772645e-07,0.864457148005011,2
312,0.929421554824066,PRUNED,0 days 00:00:00.544958,0.8429328556466837,0.07005688240062523,4,48,900,251,0.007951403593658844,0.010255133375006461,0.8457710745929344,2
313,0.9238418401242571,COMPLETE,0 days 00:00:01.153424,0.8314307217659884,0.04658456326645053,11,42,1000,202,0.0003158667390065615,3.4746007166990713e-06,0.7279593447775811,2
314,0.9214338448501757,COMPLETE,0 days 00:00:01.587038,0.5284789234820316,0.003334692272381739,12,45,800,255,0.0015246263554696464,2.012883601925971e-07,0.7333904855982785,2
315,0.9243510505254546,PRUNED,0 days 00:00:00.916473,0.8538600264300283,0.14442878518952906,12,48,900,243,0.00014583527743344173,5.920944507987907e-07,0.7167376166294849,2
316,0.9164648728049833,PRUNED,0 days 00:00:00.852546,0.8641874929314821,0.06300653765529031,12,45,800,218,0.00044473634342188657,1.0642309152020665e-07,0.8009005037227841,2
317,0.9240875452003785,PRUNED,0 days 00:00:00.677030,0.8856870762118844,0.16983290505264245,11,50,800,208,0.0007689869988824769,3.536848351350047e-07,0.792476109741492,2
318,0.9257505566855975,COMPLETE,0 days 00:00:01.096426,0.9393331622249659,0.05365832030122197,10,47,900,247,8.386739530000967e-05,1.905025884030808e-07,0.9028898171673709,2
319,0.9207447967691849,COMPLETE,0 days 00:00:00.881660,0.8148759347437178,0.03789573071800512,11,52,1400,223,0.000305850583612055,4.748049382547217e-07,0.7714400816772508,2
320,0.9253892584646352,COMPLETE,0 days 00:00:01.126221,0.5412721901929503,0.15993797851971944,12,43,500,239,0.0020601182712173486,2.636772518407905e-07,0.9163415254618246,2
321,0.9221652993260909,PRUNED,0 days 00:00:01.109059,0.702060798888102,0.04372515364385663,12,56,1300,234,0.0001759777569294189,1.2529963841246389e-07,0.6894887343328276,2
322,0.9198598060531489,PRUNED,0 days 00:00:00.763990,0.8421047850665311,0.12417482071721395,12,28,400,244,5.75949867976341e-05,7.82323576189886e-08,0.9301392068923511,2
323,0.9278347152672456,COMPLETE,0 days 00:00:00.951006,0.6220571229475733,0.1391840869475684,11,48,800,225,0.0008238721484280618,7.236757996584232e-07,0.7082576709844904,2
324,0.9189665869459557,COMPLETE,0 days 00:00:00.663726,0.500208380363527,0.07778257104013163,11,16,1400,213,9.314832812936432,1.6305386144257185e-07,0.7471386530792294,2
325,0.9283444204752554,PRUNED,0 days 00:00:00.944487,0.8720899603990615,0.05586800757621872,12,59,600,249,0.00010904645307430033,1.4933320226307053e-06,0.8897157867966762,2
326,0.9271187252168932,COMPLETE,0 days 00:00:01.024814,0.8506581301331764,0.10435334653207601,12,50,1100,232,0.00022733152844113682,3.594669878705121e-07,0.9583936602420361,2
327,0.9290703281783459,PRUNED,0 days 00:00:00.916663,0.832228560679036,0.032392062986710116,10,46,1000,200,0.0005060963419085312,2.6088950358720416e-07,0.727703104780647,2
328,0.9240555814085691,PRUNED,0 days 00:00:01.027828,0.5722008061869077,0.0676807177852403,12,54,900,255,4.0547670235993885e-05,1.1683618816785943e-07,0.6957417597954629,2
329,0.9235584340646641,COMPLETE,0 days 00:00:00.928924,0.5610371564037899,0.04792299579672365,11,51,600,238,0.00013421345264551327,4.985429978132073e-08,0.8714477710766452,2
330,0.9122542223290566,PRUNED,0 days 00:00:00.923470,0.8810252311752597,0.08926268770544397,12,44,700,244,0.0013070974059852189,5.8850144394092664e-05,0.7141159862137548,2
331,0.9255513325535945,PRUNED,0 days 00:00:00.671065,0.8599813578921868,0.13246930739995688,11,49,1400,218,0.00036230099718112063,0.005620125198306561,0.6801572317822969,2
332,0.9247061084289488,PRUNED,0 days 00:00:00.899762,0.6001774708794925,0.1601167898105148,12,47,800,250,0.00066001492953945,0.00014700517584090395,0.6650976957120825,4
333,0.9298762271742091,PRUNED,0 days 00:00:01.025542,0.8230012320357336,0.060179300749597125,10,41,700,227,8.257943094840285e-05,4.464437569477277e-07,0.7008133097166351,2
334,0.9226677782223147,PRUNED,0 days 00:00:00.909027,0.8453648622999765,0.041309679793118184,11,52,1400,235,0.00024870968926609045,0.00047417293827271216,0.7447857693457727,2
335,0.9267765608502163,COMPLETE,0 days 00:00:00.970822,0.9012167708452089,0.14903766626648976,12,45,1200,117,0.00016955362000993355,1.813804843511913e-07,0.6904161877752816,2
336,0.9308736638423044,COMPLETE,0 days 00:00:01.060560,0.9287569355392635,0.051797346137506146,10,57,300,207,2.8752777218748607e-05,7.456187806683648e-08,0.8383392171399602,2
337,0.9090867470104923,PRUNED,0 days 00:00:00.625112,0.9537710802447318,0.12547809445399324,11,49,700,246,5.1736512008953465e-05,2.8833738106550315e-07,0.7245067542325986,2
338,0.9265937741721412,PRUNED,0 days 00:00:00.740061,0.8720526129162497,0.1091003869526424,7,54,1300,241,0.002870998207111202,6.923500232896305e-07,0.6740916796969245,2
339,0.933965451757849,COMPLETE,0 days 00:00:01.257193,0.854016185557052,0.16587382196970968,12,73,900,214,0.0004176728088259233,1.430074992942394e-07,0.7603155891601607,2
340,0.9172190456669829,PRUNED,0 days 00:00:00.699804,0.8545686190891637,0.17980007020686628,12,51,900,217,0.0004673349607473966,1.3896090353693147e-07,0.7662673886609721,2
341,0.9247323764523548,COMPLETE,0 days 00:00:00.806048,0.8372777897852981,0.16860883348283562,12,48,900,221,0.00028360417381991486,1.9844233929794462e-07,0.7788596522798307,2
342,0.9259814997731326,PRUNED,0 days 00:00:00.657062,0.8552399544555549,0.150393093297259,12,65,1000,213,0.0004388840456339469,9.056054356896056e-08,0.7628906803760285,2
343,0.9220707768043376,COMPLETE,0 days 00:00:01.074611,0.8652401285332734,0.014307079722710194,12,72,900,229,0.0007192410449250736,5.722094505831579e-08,0.7430169956213172,5
344,0.9219040830454001,COMPLETE,0 days 00:00:00.679961,0.8884536769516852,0.1810352148864228,12,70,900,222,0.0001125563528084603,2.9361872077366e-07,0.7530340357636055,2
345,0.93036411072322,COMPLETE,0 days 00:00:00.914968,0.8061443487322073,0.1366387867548994,12,85,800,250,0.00020292426782245616,1.157825423399347e-07,0.7571322517062582,2
346,0.926502669733794,COMPLETE,0 days 00:00:01.083024,0.8464322358712892,0.15113172531544017,11,80,900,255,7.81291437536062e-05,1.0436955277456239e-06,0.7373743186184616,2
347,0.9061674433402116,PRUNED,0 days 00:00:00.817039,0.6758166850848002,0.19691855020037122,12,77,900,212,0.000318809975066629,4.699190521364286e-07,0.9445972370385872,2
348,0.9174010674979021,PRUNED,0 days 00:00:00.877637,0.8248697837367778,0.12417555061745918,11,42,1400,232,7.539411306510498e-07,2.107352438272488e-07,0.6508812805916143,2
349,0.9268409460363964,PRUNED,0 days 00:00:00.565357,0.8382741099748726,0.16885495752382293,12,46,1000,60,0.0001317098100682743,9.61250053729689e-08,0.7136236955514452,2
350,0.927263260903946,COMPLETE,0 days 00:00:02.451286,0.8798141787172793,0.0956285480834575,12,50,800,242,0.0010864993443887383,1.6277790076965465e-07,0.9764722645061523,2
351,0.9242334978935869,COMPLETE,0 days 00:00:00.694585,0.8619953779354325,0.1393226597461321,11,48,1300,237,0.0005693583061529579,0.0032167350044514246,0.7314825024913217,2
352,0.9151597844961219,PRUNED,0 days 00:00:00.805322,0.8494881615552078,0.11643829591000089,12,53,800,246,0.00022704235456853244,3.599599532700132e-07,0.9622979615492576,2
353,0.9240065315343671,COMPLETE,0 days 00:00:01.123215,0.8323593650490064,0.08361743955839121,11,68,1400,225,2.432120734872824e-05,1.0050962869596811e-08,0.7039823627862074,2
354,0.9200127765805408,PRUNED,0 days 00:00:01.005201,0.8685006173892066,0.16082467431744896,12,44,600,250,5.229336617385895e-05,3.8010125676525894e-08,0.7246301129302941,2
355,0.9299364410181891,COMPLETE,0 days 00:00:00.719069,0.8140737505845842,0.13288126507789144,11,52,1100,216,0.0003668919105660438,2.452171112732303e-07,0.7859900853244938,2
356,0.9260572974827672,PRUNED,0 days 00:00:01.340390,0.9415587956721877,0.10965166828376932,0,89,900,240,0.00018588390157114854,5.276512679266197e-07,0.7133754725139261,2
357,0.9236983186913684,PRUNED,0 days 00:00:00.700785,0.9216051992497123,0.07248135697480218,12,47,1400,209,6.6577857446426515e-06,9.66845310647125e-08,0.6617877937906328,2
358,0.9330015466350806,COMPLETE,0 days 00:00:01.259063,0.8592713988361675,0.15627157593005847,12,50,1300,229,8.291666964520581e-05,0.026209901535282933,0.7408964878882618,2
359,0.9230497767017575,PRUNED,0 days 00:00:01.529617,0.8429400823286917,0.15093617068410792,11,73,1300,138,7.708028034122609e-05,1.4749711445055766e-07,0.753461670035842,2
360,0.9229715337476098,COMPLETE,0 days 00:00:05.593734,0.8934252017640338,0.17744145106372872,12,50,1300,231,9.863302883512925e-05,5.326522604768556,0.743596898217078,2
361,0.9285757957466156,COMPLETE,0 days 00:00:01.622075,0.8545840151217586,0.16225990720066225,11,52,1200,153,3.4514515828572105e-05,0.18452467116956686,0.7302968442939552,2
362,0.925585374630377,PRUNED,0 days 00:00:01.270315,0.5097575172582265,0.138303648600578,12,55,1300,237,5.419841143569095e-05,0.012226990376289576,0.7372664680555132,2
363,0.9307225367278155,COMPLETE,0 days 00:00:00.867317,0.7842582507018148,0.12308436761418111,11,93,1300,227,0.00013627010952245065,0.008029301835562781,0.7713389309515314,2
364,0.9255956897800169,COMPLETE,0 days 00:00:00.908656,0.8727830928138495,0.1432252024579565,12,49,1400,233,7.574972166160216e-05,3.1566681150093295e-07,0.7483561013100934,2
365,0.9168378484250244,PRUNED,0 days 00:00:00.646369,0.824835709714011,0.17658283487632243,6,51,1300,244,0.00015106927855854777,8.10277328665375e-07,0.7216631692852273,2
366,0.9233950745585113,PRUNED,0 days 00:00:00.874614,0.9044145687353081,0.1050087817093357,12,53,1200,248,0.00021977145478204233,0.022094810952514123,0.6833467609564748,2
367,0.9292168931925248,COMPLETE,0 days 00:00:01.003423,0.7271108424505915,0.1554837366349779,11,49,700,252,3.89472001250286e-05,0.04997788284429354,0.6951727322993076,2
368,0.9099363817634016,PRUNED,0 days 00:00:00.585227,0.6464125661015072,0.12696531600767857,12,47,600,239,9.439960474767975e-05,0.015705375313296577,0.8225343566584461,2
369,0.9308953206376833,PRUNED,0 days 00:00:00.887391,0.8473870181247917,0.1939480792668591,11,55,500,228,1.8026173713586172e-05,6.352817243208469e-06,0.7089908666843899,2
370,0.9283954250607991,COMPLETE,0 days 00:00:00.791665,0.8358613023575762,0.14519519882221912,12,51,800,244,2.551912751294742e-06,6.419868900340979e-08,0.7637368261231924,1
371,0.9187404763869078,PRUNED,0 days 00:00:00.705149,0.9728253953077081,0.09724154872764154,10,49,1400,235,0.00031437762918865735,1.767937443356377e-07,0.7403101772409889,2
372,0.9241534793570662,COMPLETE,0 days 00:00:00.596363,0.8638645862293499,0.11712834246631922,2,46,1300,223,1.0239638340944404e-05,0.17625643674059802,0.720303690532397,2
373,0.9308374366267148,COMPLETE,0 days 00:00:01.004568,0.9336742805205307,0.1652771363554914,11,53,600,255,0.00013433764949828146,0.03021282792611955,0.6713251294303723,2
374,0.9222026822353528,PRUNED,0 days 00:00:01.022108,0.8558656014038907,0.13021954948122502,12,50,700,205,6.665604424029695e-05,3.7526242173750934e-07,0.7011493362772063,2
375,0.9271742852960997,COMPLETE,0 days 00:00:01.132802,0.878660422192261,0.06396979649504612,12,47,800,249,0.00046050584815782804,2.3388230776095765e-07,0.6898326506420913,2
376,0.9296304147399002,COMPLETE,0 days 00:00:00.858859,0.8192822819114306,0.1539391917845608,11,57,1400,239,0.00023966008766462252,1.5167157742092803e-07,0.7327551565072911,2
377,0.9268115124754629,PRUNED,0 days 00:00:00.996592,0.8014478823724775,0.11110091895753757,12,45,700,191,2.6808512821539338e-05,0.09685462375414779,0.754151813277864,2
378,0.92765910375381,PRUNED,0 days 00:00:00.821479,0.8444770226714706,0.1377177325794759,12,51,1400,245,0.00010453368197918868,4.977764521190575e-07,0.6758684581799318,2
379,0.9275253730935887,COMPLETE,0 days 00:00:00.895906,0.6633996621553506,0.08834523672277303,11,48,800,232,4.638296589162484e-05,2.401158388148243,0.7056449877589992,2
380,0.9290092326635384,COMPLETE,0 days 00:00:01.085022,0.8697497988459674,0.17605389270334945,12,54,1300,251,0.0001822331370598172,7.792023917961087e-08,0.6408468374161527,2
381,0.9225842396790136,COMPLETE,0 days 00:00:00.879939,0.9126344384579042,0.12392656101711522,10,43,700,221,0.0003504093623876226,1.1431631592833226e-07,0.6584609464994778,2
382,0.9192260480514018,PRUNED,0 days 00:00:01.165579,0.8347267782362583,0.19743103720542307,11,74,600,244,0.000547946767841444,2.4641410826634985e-07,0.6842280991502947,2
383,0.9288624192706129,COMPLETE,0 days 00:00:01.817994,0.9895000226481789,0.14647425330697245,5,80,800,196,0.00015267236727570314,7.159831610215075e-07,0.807355798813678,2
384,0.9252896464829514,PRUNED,0 days 00:00:00.901288,0.8569093190343255,0.058302319059110826,12,49,700,146,0.0002493418296571435,4.811036595124164e-08,0.7139193695609719,2
385,0.9224950502718293,COMPLETE,0 days 00:00:01.149678,0.7142315472517111,0.10189766740949932,12,51,1400,227,6.120719141799988e-05,1.4063501265735113e-06,0.723464171077002,2
386,0.9245052138734878,PRUNED,0 days 00:00:00.947298,0.8841642755774208,0.07981321606971417,11,45,1200,235,9.17223358492776e-08,3.006938056567415e-07,0.6935573448758182,2
387,0.9288614427354204,COMPLETE,0 days 00:00:01.408759,0.8639105803104523,0.15818282012327295,12,53,1500,241,0.0007460015236739022,2.3129807043901514e-06,0.7018090002917742,2
388,0.9241862539134784,COMPLETE,0 days 00:00:00.999078,0.9221869160025569,0.13156485225352268,12,47,700,176,3.793792382573108,1.3232581767976442e-05,0.8809949115967088,2
389,0.9069480133624257,PRUNED,0 days 00:00:01.029810,0.548466310217778,0.04510478690128214,10,55,1400,255,1.2619947765700394e-05,1.4877207585979568e-07,0.7423943961346922,1
390,0.9251620788758826,COMPLETE,0 days 00:00:01.048496,0.8510330304834076,0.17137078622484544,11,63,700,214,0.08083907285690475,0.3644250216515381,0.6811107506883239,2
391,0.9128420233301359,PRUNED,0 days 00:00:01.679812,0.8957495570006065,0.11534894961241651,12,60,800,248,0.000105103845111388,4.325624637199428e-05,0.8653421392432898,2
392,0.929959225037719,COMPLETE,0 days 00:00:01.241311,0.840844684614669,0.006036545985908768,11,30,1300,202,2.0531232385890303e-05,4.315551446693525e-07,0.7294210997158147,2
393,0.9320714837221442,COMPLETE,0 days 00:00:02.369502,0.8293381258528625,0.06795469032722869,12,49,600,237,0.0003819007772230002,9.183977816675126e-08,0.6695540202247604,2
394,0.9212585825239579,COMPLETE,0 days 00:00:01.211535,0.8276087364314537,0.092730948617183,12,46,200,236,0.0003142445670464837,6.155939909153796e-08,0.6643854171147802,2
395,0.9312948939013844,COMPLETE,0 days 00:00:01.137711,0.8118720670666709,0.06967027156723316,4,50,600,231,0.0004517112878013322,7.993816969048615e-08,0.650022476222531,2
396,0.9308333871731941,COMPLETE,0 days 00:00:01.043195,0.8202459195153223,0.14298319143832833,12,44,600,163,4.729062809613091e-06,1.352827167946106e-07,0.670160575669386,2
397,0.926226966831469,PRUNED,0 days 00:00:00.891504,0.8314412406438655,0.12351036724162727,12,48,600,239,0.0001973038740492461,4.2969920719212514e-08,0.6797034309238557,2
398,0.920684943354009,PRUNED,0 days 00:00:00.954833,0.838673339239124,0.07829547228663486,12,42,600,245,0.0003161829911967453,1.0073719268106352e-07,0.689980313708489,4
399,0.9178294486322032,PRUNED,0 days 00:00:00.769976,0.8487493787894161,0.16145212397646702,12,83,600,241,0.00015139211715589122,9.61250053729689e-08,0.6739691683728399,2
